<?xml version="1.0" encoding="UTF-8"?>
<project-private xmlns="http://www.netbeans.org/ns/project-private/1">
    <editor-bookmarks xmlns="http://www.netbeans.org/ns/editor-bookmarks/2" lastBookmarkId="0"/>
    <open-files xmlns="http://www.netbeans.org/ns/projectui-open-files/2">
        <group>
            <file>file:/E:/DaiNamUniversity/ChatNe/src/ClientGUI.java</file>
            <file>file:/E:/DaiNamUniversity/ChatNe/src/ServerGUI.java</file>
            <file>file:/E:/DaiNamUniversity/ChatNe/src/chatne/ChatService.java</file>
            <file>file:/E:/DaiNamUniversity/ChatNe/src/buttonPanel.java</file>
            <file>file:/E:/DaiNamUniversity/ChatNe/src/socket.java</file>
        </group>
    </open-files>
</project-private>
